[{"placeUrl":"https://www.google.com/maps/place/El+Huarachon+Restaurante/@20.6595249,-103.3894282,11z/data=!4m9!1m3!2m2!1srestaurantes!6e5!3m4!1s0x8428af52e80ced0b:0x975044fdb034f166!8m2!3d20.7502469!4d-103.4019574?hl=es","title":"El Huarachon Restaurante","rating":"5,0","reviewCount":79,"category":"Restaurante","attributes":"Acogedor · Informal · Ideal para niños","address":"Av Torremolinos 2766, Lomas de Zapopan, 45130 Zapopan, Jal., México","plusCode":"       QH2X+36 Zapopan, Jalisco, México     ","website":"","phoneNumber":"       +52 33 3021 6625     ","jueves":"9:00–16:00","viernes":"9:00–16:00","sábado":"9:00–16:00","domingo":"9:00–15:30","lunes":"9:00–16:00","martes":"9:00–16:00","miércoles":"9:00–16:00","imgUrl":"https://lh5.googleusercontent.com/p/AF1QipMfvAu1jVSFLqI97_Gr5IeK0MwRQu1Ukqb6Xvw=w408-h306-k-no","isClaimed":false,"latitude":20.750187499999996,"longitude":-103.4019375,"query":"https://www.google.com/maps/search/restaurantes/@20.659638,-103.3894277,11z/data=!3m1!4b1!4m2!2m1!6e5","timestamp":"2020-06-04T14:31:08.875Z"},{"placeUrl":"https://www.google.com/maps/place/Laurel+restaurante/@20.6595249,-103.3894282,11z/data=!4m9!1m3!2m2!1srestaurantes!6e5!3m4!1s0x8428afc396a2d14b:0xa7d56aac1534a155!8m2!3d20.7092263!4d-103.3645053?hl=es","title":"Laurel restaurante","rating":"5,0","reviewCount":20,"category":"Restaurante","attributes":"Acogedor · Informal · Ideal para niños","address":"Av Salto del Agua 2162, Jardines del Country, 44210 Guadalajara, Jal., México","plusCode":"       PJ5P+M5 Guadalajara, Jalisco, México     ","website":"","phoneNumber":"       +52 33 3749 1813     ","jueves":"8:00–17:00","viernes":"8:00–17:00","sábado":"8:00–16:00","domingo":"8:00–14:00","lunes":"Cerrado","martes":"8:00–17:00","miércoles":"8:00–17:00","imgUrl":"https://lh5.googleusercontent.com/p/AF1QipM3Duh9fg6hQMme7H_qbyLC8NWLFVbVmAc1ByYZ=w408-h544-k-no","isClaimed":false,"latitude":20.7091875,"longitude":-103.3645625,"query":"https://www.google.com/maps/search/restaurantes/@20.659638,-103.3894277,11z/data=!3m1!4b1!4m2!2m1!6e5","timestamp":"2020-06-04T14:31:14.280Z"},{"placeUrl":"https://www.google.com/maps/place/Bajo+Fondo+Restaurante+Bar/@20.6595249,-103.3894282,11z/data=!4m9!1m3!2m2!1srestaurantes!6e5!3m4!1s0x8428afb65bccf717:0xdd5ecc3877ff771e!8m2!3d20.682844!4d-103.4456227?hl=es","title":"Bajo Fondo Restaurante Bar","rating":"5,0","reviewCount":54,"category":"Restaurante","attributes":"Acogedor · Informal · Grupos","address":"Calzada Nte 14, Granja, 45010 Zapopan, Jal., México","plusCode":"       MHM3+4Q Zapopan, Jalisco, México     ","website":"","phoneNumber":"       +52 33 1588 6749     ","jueves":"14:00–22:00","viernes":"14:00–22:00","sábado":"14:00–22:00","domingo":"14:00–18:00","lunes":"Cerrado","martes":"14:00–22:00","miércoles":"14:00–22:00","imgUrl":"","isClaimed":false,"latitude":20.682812499999997,"longitude":-103.44556250000001,"query":"https://www.google.com/maps/search/restaurantes/@20.659638,-103.3894277,11z/data=!3m1!4b1!4m2!2m1!6e5","timestamp":"2020-06-04T14:31:19.481Z"},{"placeUrl":"https://www.google.com/maps/place/Mozzafiato+Restaurante/@20.6595249,-103.3894282,11z/data=!4m9!1m3!2m2!1srestaurantes!6e5!3m4!1s0x8428af4e45e3599f:0x22a6aad0feeb2587!8m2!3d20.692401!4d-103.3771587?hl=es","title":"Mozzafiato Restaurante","rating":"4,9","reviewCount":41,"category":"Restaurante","attributes":"Acogedor · Informal · Ideal para niños","address":"Calle Florencia 2397, Italia Providencia, 44648 Guadalajara, Jal., México","plusCode":"       MJRF+X4 Guadalajara, Jalisco, México     ","website":"       webnode.mx     ","phoneNumber":"       +52 33 2466 3946     ","jueves":"13:00–23:00","viernes":"13:00–23:30","sábado":"13:00–23:30","domingo":"13:00–18:00","lunes":"13:00–23:00","martes":"13:00–23:00","miércoles":"13:00–23:00","imgUrl":"https://lh5.googleusercontent.com/p/AF1QipNbVuVLsZf7mzWzF2hH-_vEPzmc904wraSG2lIa=w408-h306-k-no","isClaimed":true,"latitude":20.69243750000001,"longitude":-103.37718750000002,"query":"https://www.google.com/maps/search/restaurantes/@20.659638,-103.3894277,11z/data=!3m1!4b1!4m2!2m1!6e5","timestamp":"2020-06-04T14:31:26.210Z"},{"placeUrl":"https://www.google.com/maps/place/Alariz/@20.6595249,-103.3894282,11z/data=!4m9!1m3!2m2!1srestaurantes!6e5!3m4!1s0x8428af7c56baff3d:0x8cfed7c5b968ee9a!8m2!3d23.626578!4d-102.5392137?hl=es","title":"Alariz","rating":"4,9","reviewCount":13,"category":"Restaurante","attributes":"Acogedor · Informal · Grupos","address":"","plusCode":"","website":"","phoneNumber":"       +52 33 2818 4465     ","imgUrl":"","isClaimed":true,"query":"https://www.google.com/maps/search/restaurantes/@20.659638,-103.3894277,11z/data=!3m1!4b1!4m2!2m1!6e5","timestamp":"2020-06-04T14:31:29.377Z"},{"placeUrl":"https://www.google.com/maps/place/Berlins+Bretzel+Wagen+-+Biergarten/@20.6595249,-103.3894282,11z/data=!4m9!1m3!2m2!1srestaurantes!6e5!3m4!1s0x8428afc366996081:0xd79097f7754893f1!8m2!3d20.6686529!4d-103.37239?hl=es","title":"Berlins Bretzel Wagen - Biergarten","rating":"4,9","reviewCount":96,"category":"Restaurante alemán","attributes":"Se sirve comida hasta tarde · Terraza · Acogedor","address":"Calle Simón Bolívar 445, Col Americana, Obrera, 44150 Guadalajara, Jal., México","plusCode":"       MJ9H+F2 Guadalajara, Jalisco, México     ","website":"       berlins.mx     ","phoneNumber":"       +52 33 2472 9030     ","jueves":"13:00–20:00","viernes":"13:00–20:00","sábado":"13:00–20:00","domingo":"Cerrado","lunes":"Cerrado","martes":"13:00–20:00","miércoles":"13:00–20:00","imgUrl":"https://lh5.googleusercontent.com/p/AF1QipONslEEAyI7KVgzaCRjuJxW3G8ga4z42OeoW_rZ=w408-h544-k-no","isClaimed":true,"latitude":20.668687500000004,"longitude":-103.3724375,"query":"https://www.google.com/maps/search/restaurantes/@20.659638,-103.3894277,11z/data=!3m1!4b1!4m2!2m1!6e5","timestamp":"2020-06-04T14:31:35.416Z"},{"placeUrl":"https://www.google.com/maps/place/Santo+Coyote/@20.6595249,-103.3894282,11z/data=!4m9!1m3!2m2!1srestaurantes!6e5!3m4!1s0x8428ae0c3d8e9b23:0x1b3741c68d85e460!8m2!3d20.6704864!4d-103.3770294?hl=es","title":"Santo Coyote","rating":"4,5","reviewCount":12087,"category":"Restaurante mexicano","attributes":"Se sirve comida hasta tarde · Bufé libre · Desayuno","address":"Calle Miguel Lerdo de Tejada 2379, Col Americana, Arcos, 44150 Guadalajara, Jal., México","plusCode":"       MJCF+55 Guadalajara, Jalisco, México     ","website":"       santocoyote.com.mx     ","phoneNumber":"       +52 800 087 0330     ","jueves":"8:00–24:00","viernes":"8:00–24:00","sábado":"8:00–24:00","domingo":"8:00–24:00","lunes":"8:00–24:00","martes":"8:00–24:00","miércoles":"8:00–24:00","imgUrl":"https://lh5.googleusercontent.com/p/AF1QipPzcchZnz9yz81WiEA2wfCxFUq7bNfNSIzYBWTC=w408-h306-k-no","isClaimed":false,"latitude":20.670437500000006,"longitude":-103.37706250000001,"query":"https://www.google.com/maps/search/restaurantes/@20.659638,-103.3894277,11z/data=!3m1!4b1!4m2!2m1!6e5","timestamp":"2020-06-04T14:31:38.607Z"},{"placeUrl":"https://www.google.com/maps/place/Restaurante+Italiano+Guadalajara/@20.6595249,-103.3894282,11z/data=!4m9!1m3!2m2!1srestaurantes!6e5!3m4!1s0x8428af5f6e233fcf:0xa3bd644ce2cad5d5!8m2!3d20.6800058!4d-103.3622828?hl=es","title":"Restaurante Italiano Guadalajara","rating":"4,9","reviewCount":98,"category":"Restaurante italiano","attributes":"Happy hour de comida · Acogedor · Grupos","address":"Calle Reforma 1102-A, Santa Teresita, 44100 Guadalajara, Jal., México","plusCode":"       MJJQ+23 Guadalajara, Jalisco, México     ","website":"       bit.ly     ","phoneNumber":"       +52 33 1831 9936     ","jueves":"13:00–22:00","viernes":"13:00–23:00","sábado":"13:00–23:00","domingo":"13:00–21:00","lunes":"Cerrado","martes":"13:00–22:00","miércoles":"13:00–22:00","imgUrl":"https://lh5.googleusercontent.com/p/AF1QipPPjCTK_4objOOECxwu_YiEmLQghMFOM0mu4BWw=w408-h544-k-no","isClaimed":true,"latitude":20.680062500000005,"longitude":-103.36231250000002,"query":"https://www.google.com/maps/search/restaurantes/@20.659638,-103.3894277,11z/data=!3m1!4b1!4m2!2m1!6e5","timestamp":"2020-06-04T14:31:43.532Z"},{"placeUrl":"https://www.google.com/maps/place/Restaurante+Ofelia+Bistro/@20.6595249,-103.3894282,11z/data=!4m9!1m3!2m2!1srestaurantes!6e5!3m4!1s0x8428ae47f7e72815:0xd9e73a6423f4be85!8m2!3d20.6737918!4d-103.3354131?hl=es","title":"Restaurante Ofelia Bistro","rating":"4,7","reviewCount":610,"category":"Restaurante","attributes":"Se sirve comida hasta tarde · Buenos cócteles · Acogedor","address":"","plusCode":"","website":"       ofeliabistro.com     ","phoneNumber":"       +52 33 3647 3631     ","jueves":"13:30–1:00","viernes":"13:30–1:00","sábado":"13:30–1:00","domingo":"Cerrado","lunes":"13:30–1:00","martes":"13:30–1:00","miércoles":"13:30–1:00","imgUrl":"https://lh5.googleusercontent.com/p/AF1QipO6e0IHUUuo00lBJuUb4-Y1K8z9H4g6GHZnS4Fu=w408-h306-k-no","isClaimed":false,"query":"https://www.google.com/maps/search/restaurantes/@20.659638,-103.3894277,11z/data=!3m1!4b1!4m2!2m1!6e5","timestamp":"2020-06-04T14:31:45.938Z"},{"placeUrl":"https://www.google.com/maps/place/Restaurante+Allium/@20.6595249,-103.3894282,11z/data=!4m9!1m3!2m2!1srestaurantes!6e5!3m4!1s0x8428ae0e4be8ff77:0x401c37bcf4dc36a0!8m2!3d20.673779!4d-103.372831?hl=es","title":"Restaurante Allium","rating":"4,7","reviewCount":438,"category":"Restaurante","attributes":"Buenos cócteles · Acogedor · Grupos","address":"Calle Manuel López Cotilla 1752, Col Americana, Lafayette, 44150 Guadalajara, Jal., México","plusCode":"       MJFG+GV Guadalajara, Jalisco, México     ","website":"       allium.com.mx     ","phoneNumber":"       +52 33 3615 6401     ","jueves":"13:30–17:00, 19:00–22:30","viernes":"13:30–17:00, 19:00–23:00","sábado":"13:30–17:00, 19:00–23:00","domingo":"13:30–17:00","lunes":"13:30–17:00, 19:00–22:30","martes":"13:30–17:00, 19:00–22:30","miércoles":"13:30–17:00, 19:00–22:30","imgUrl":"https://lh5.googleusercontent.com/p/AF1QipMcXmnS39vUb11pFeV8fgjrMPzNM8PEJc3pJcod=w408-h272-k-no","isClaimed":true,"latitude":20.673812499999997,"longitude":-103.3728125,"query":"https://www.google.com/maps/search/restaurantes/@20.659638,-103.3894277,11z/data=!3m1!4b1!4m2!2m1!6e5","timestamp":"2020-06-04T14:31:49.855Z"},{"placeUrl":"https://www.google.com/maps/place/Cabanna+Restaurant/@20.6595249,-103.3894282,11z/data=!4m9!1m3!2m2!1srestaurantes!6e5!3m4!1s0x8428ae6ed4efef97:0x4ea3477148afe86a!8m2!3d20.679922!4d-103.3908029?hl=es","title":"Cabanna Restaurant","rating":"4,7","reviewCount":4063,"category":"Bar restaurante","attributes":"Terraza · Buenos cócteles · Acogedor","address":"Av. México 2972, Juan Manuel, 44680 Guadalajara, Jal., México","plusCode":"       MJH5+XM Guadalajara, Jalisco, México     ","website":"       cabanna.com.mx     ","phoneNumber":"       +52 33 3640 1557     ","jueves":"12:00–23:00","viernes":"12:00–23:00","sábado":"12:00–23:00","domingo":"12:00–20:00","lunes":"12:00–22:00","martes":"12:00–22:00","miércoles":"12:00–23:00","imgUrl":"","isClaimed":false,"latitude":20.67993750000001,"longitude":-103.39081250000001,"query":"https://www.google.com/maps/search/restaurantes/@20.659638,-103.3894277,11z/data=!3m1!4b1!4m2!2m1!6e5","timestamp":"2020-06-04T14:31:53.404Z"},{"placeUrl":"https://www.google.com/maps/place/Tacos+La+Choza/@20.6595249,-103.3894282,11z/data=!4m9!1m3!2m2!1srestaurantes!6e5!3m4!1s0x8428ae0e152c8067:0xa2aba77b5a0226aa!8m2!3d20.6738102!4d-103.3748053?hl=es","title":"Tacos La Choza","rating":"4,8","reviewCount":578,"category":"Restaurante mexicano","attributes":"Informal · Grupos","address":"Calle Miguel de Cervantes Saavedra 81, Col Americana, La Obrera, 44160 Guadalajara, Jal., México","plusCode":"       MJFG+G3 Guadalajara, Jalisco, México     ","website":"       facebook.com     ","phoneNumber":"       +52 33 3334 0536     ","jueves":"12:00–16:00, 20:30–22:45","viernes":"12:00–16:00, 20:30–22:45","sábado":"20:30–22:45","domingo":"Cerrado","lunes":"12:00–16:00","martes":"12:00–16:00","miércoles":"12:00–16:00, 20:30–22:45","imgUrl":"https://lh5.googleusercontent.com/p/AF1QipNCEeICa6bUwAlIXO_9arNHZdGOrPpyze0GnUOW=w426-h240-k-no","isClaimed":true,"latitude":20.673812499999997,"longitude":-103.3748125,"query":"https://www.google.com/maps/search/restaurantes/@20.659638,-103.3894277,11z/data=!3m1!4b1!4m2!2m1!6e5","timestamp":"2020-06-04T14:31:56.681Z"},{"placeUrl":"https://www.google.com/maps/place/TOMATE+Taquer%C3%ADa/@20.6595249,-103.3894282,11z/data=!4m9!1m3!2m2!1srestaurantes!6e5!3m4!1s0x8428ae05dbc3919d:0x79bb3b6fda031653!8m2!3d20.6703382!4d-103.3682883?hl=es","title":"TOMATE Taquería","rating":"4,6","reviewCount":8256,"category":"Taquería","attributes":"Se sirve comida hasta tarde · Acogedor · Informal","address":"Av Chapultepec Sur 361, Col Americana, Americana, 45681 Guadalajara, Jal., México","plusCode":"       MJCJ+4M Guadalajara, Jalisco, México     ","website":"       tomatetaqueria.com     ","phoneNumber":"       +52 33 3825 3331     ","jueves":"14:00–24:00","viernes":"Abierto 24 horas","sábado":"14:00–2:30","domingo":"14:00–0:30","lunes":"14:00–0:30","martes":"14:00–0:30","miércoles":"14:00–0:30","imgUrl":"https://lh5.googleusercontent.com/p/AF1QipPf3DSr3Q67PUvktFbyw9XQS8tPk4D1hMw9PCEp=w426-h240-k-no","isClaimed":false,"latitude":20.670312499999994,"longitude":-103.3683125,"query":"https://www.google.com/maps/search/restaurantes/@20.659638,-103.3894277,11z/data=!3m1!4b1!4m2!2m1!6e5","timestamp":"2020-06-04T14:31:59.811Z"},{"placeUrl":"https://www.google.com/maps/place/Carl's+Jr.,+CARRETERA+GUADALAJARA+-+NOGALES+4880+SAN+JUAN+DE+OCOTAN+ZAPOPAN,+45019+GUADALAJARA,+Jal.,+M%C3%A9xico/@20.6595249,-103.3894282,11z/data=!4m6!1m3!2m2!1srestaurantes!6e5!3m1!1s0x842f4f15501cff2b:0xcd60460a83151bb9?hl=es","title":"Carl's Jr.","rating":"4,9","reviewCount":13,"category":"Restaurante","attributes":"Acogedor · Informal · Ideal para niños","address":"CARRETERA GUADALAJARA - NOGALES 4880 SAN JUAN DE OCOTAN ZAPOPAN, 45019 GUADALAJARA, Jal., México","plusCode":"       CPJ4+P9 Cajititlán, Jalisco, México     ","website":"       carlsjr.com.mx     ","phoneNumber":"","imgUrl":"https://maps.gstatic.com/tactile/pane/default_geocode-1x.png","isClaimed":true,"latitude":20.431812500000007,"longitude":-103.29406250000001,"query":"https://www.google.com/maps/search/restaurantes/@20.659638,-103.3894277,11z/data=!3m1!4b1!4m2!2m1!6e5","timestamp":"2020-06-04T14:32:02.627Z"},{"placeUrl":"https://www.google.com/maps/place/Ristorante+Angelo/@20.6595249,-103.3894282,11z/data=!4m9!1m3!2m2!1srestaurantes!6e5!3m4!1s0x8428b1dd740a1efd:0x55268b2f14aeb92e!8m2!3d20.6907389!4d-103.34975?hl=es","title":"Ristorante Angelo","rating":"4,6","reviewCount":1471,"category":"Restaurante italiano","attributes":"Se sirve comida hasta tarde · Acogedor · Grupos","address":"Calle Sta. Mónica 970, Centro, 44100 Guadalajara, Jal., México","plusCode":"       MMR2+73 Guadalajara, Jalisco, México     ","website":"       ristoranteangelo.mx     ","phoneNumber":"       +52 33 3614 0440     ","jueves":"13:00–24:00","viernes":"13:00–24:00","sábado":"13:00–24:00","domingo":"13:00–22:00","lunes":"13:00–24:00","martes":"13:00–24:00","miércoles":"13:00–24:00","imgUrl":"https://lh5.googleusercontent.com/p/AF1QipNTl66uY3wMsfx1YLPCG7vUnknyH9ns3Wd-x8Wh=w408-h306-k-no","isClaimed":true,"latitude":20.69068750000001,"longitude":-103.3498125,"query":"https://www.google.com/maps/search/restaurantes/@20.659638,-103.3894277,11z/data=!3m1!4b1!4m2!2m1!6e5","timestamp":"2020-06-04T14:32:05.560Z"},{"placeUrl":"https://www.google.com/maps/place/El+Arte+RESTAURANTE%2FCAF%C3%89/@20.6595249,-103.3894282,11z/data=!4m9!1m3!2m2!1srestaurantes!6e5!3m4!1s0x8428b1f03d8709dd:0xa3c639fd971ed20c!8m2!3d20.676566!4d-103.34568?hl=es","title":"El Arte RESTAURANTE/CAFÉ","rating":"4,4","reviewCount":1243,"category":"Restaurante","attributes":"Acogedor · Informal · Grupos","address":"Downtown area, Calle Maestranza 1, Zona Centro, 44100 Guadalajara, Jal., México","plusCode":"       MMG3+JP Guadalajara, Jalisco, México     ","website":"       business.google.com     ","phoneNumber":"       +52 33 3614 0789     ","jueves":"8:00–23:00","viernes":"8:00–23:00","sábado":"8:00–23:00","domingo":"8:00–23:00","lunes":"8:00–23:00","martes":"8:00–23:00","miércoles":"8:00–23:00","imgUrl":"","isClaimed":true,"latitude":20.676562500000003,"longitude":-103.3456875,"query":"https://www.google.com/maps/search/restaurantes/@20.659638,-103.3894277,11z/data=!3m1!4b1!4m2!2m1!6e5","timestamp":"2020-06-04T14:32:08.334Z"},{"placeUrl":"https://www.google.com/maps/place/Los+Arcos/@20.6595249,-103.3894282,11z/data=!4m9!1m3!2m2!1srestaurantes!6e5!3m4!1s0x8428ae7d7fb10467:0xcce3960c209760ac!8m2!3d20.6701599!4d-103.4047219?hl=es","title":"Los Arcos","rating":"4,7","reviewCount":2812,"category":"Bar restaurante","attributes":"Terraza · Acogedor · Informal","address":"Calz. Lázaro Cárdenas 3549, Jardín de San Ignacio, 45040 Zapopan, Jal., México","plusCode":"       MHCW+34 Zapopan, Jalisco, México     ","website":"       restaurantlosarcos.com     ","phoneNumber":"       +52 33 3122 3719     ","jueves":"11:00–20:00","viernes":"11:00–20:00","sábado":"11:00–20:00","domingo":"11:00–20:00","lunes":"11:00–20:00","martes":"11:00–20:00","miércoles":"11:00–20:00","imgUrl":"https://lh5.googleusercontent.com/p/AF1QipMHLyj_8NyCF3A86pjtg0yjnYQKSXoC0u_HhaE=w408-h271-k-no","isClaimed":false,"latitude":20.670187499999997,"longitude":-103.40468750000001,"query":"https://www.google.com/maps/search/restaurantes/@20.659638,-103.3894277,11z/data=!3m1!4b1!4m2!2m1!6e5","timestamp":"2020-06-04T14:32:11.878Z"},{"placeUrl":"https://www.google.com/maps/place/Restaurante+Alcalde/@20.6595249,-103.3894282,11z/data=!4m9!1m3!2m2!1srestaurantes!6e5!3m4!1s0x8428ae6ed148184b:0xe4425398a9b3b82d!8m2!3d20.6793278!4d-103.3898?hl=es","title":"Restaurante Alcalde","rating":"4,6","reviewCount":803,"category":"Restaurante mexicano","attributes":"Acogedor · Grupos","address":"Av. México 2903, Vallarta Nte., 44690 Guadalajara, Jal., México","plusCode":"       MJH6+P3 Guadalajara, Jalisco, México     ","website":"       alcalde.com.mx     ","phoneNumber":"       +52 33 3615 7400     ","jueves":"13:30–23:00","viernes":"13:30–23:00","sábado":"13:30–23:00","domingo":"13:30–17:30","lunes":"13:30–23:00","martes":"13:30–23:00","miércoles":"13:30–23:00","imgUrl":"https://lh5.googleusercontent.com/p/AF1QipPDcXIGSGZowuvZ8VNFKkZ6vVIKNVZA-TBzMh61=w408-h272-k-no","isClaimed":true,"latitude":20.67931250000001,"longitude":-103.3898125,"query":"https://www.google.com/maps/search/restaurantes/@20.659638,-103.3894277,11z/data=!3m1!4b1!4m2!2m1!6e5","timestamp":"2020-06-04T14:32:14.650Z"},{"placeUrl":"https://www.google.com/maps/place/Boulangerie+Central/@20.6595249,-103.3894282,11z/data=!4m9!1m3!2m2!1srestaurantes!6e5!3m4!1s0x8428ae11f9104c11:0x9f564508666ac11!8m2!3d20.6758526!4d-103.3757426?hl=es","title":"Boulangerie Central","rating":"4,6","reviewCount":1686,"category":"Restaurante francés","attributes":"Desayuno · Terraza · Acogedor","address":"C. Morelos 1984, Ladrón de Guevara, Ladron De Guevara, 44600 Guadalajara, Jal., México","plusCode":"       MJGF+8P Guadalajara, Jalisco, México     ","website":"       facebook.com     ","phoneNumber":"       +52 33 4444 5737     ","jueves":"8:00–20:00","viernes":"8:00–20:00","sábado":"8:00–20:00","domingo":"8:00–17:00","lunes":"8:00–20:00","martes":"8:00–20:00","miércoles":"8:00–20:00","imgUrl":"https://lh5.googleusercontent.com/p/AF1QipNlw3QKnta5qiXSfB9mV8odtmO54-CQWwtXwbj-=w408-h544-k-no","isClaimed":true,"latitude":20.675812500000006,"longitude":-103.37568750000001,"query":"https://www.google.com/maps/search/restaurantes/@20.659638,-103.3894277,11z/data=!3m1!4b1!4m2!2m1!6e5","timestamp":"2020-06-04T14:32:18.589Z"},{"placeUrl":"https://www.google.com/maps/place/Suehiro/@20.6595249,-103.3894282,11z/data=!4m9!1m3!2m2!1srestaurantes!6e5!3m4!1s0x8428ae03ef397667:0x254c4bcab919f0c7!8m2!3d20.670838!4d-103.363017?hl=es","title":"Suehiro","rating":"4,7","reviewCount":2591,"category":"Restaurante japonés","attributes":"Es obligatorio hacer una reserva · Acogedor · Ideal para niños","address":"Av. de la Paz 1701, Col Americana, Americana, 44160 Guadalajara, Jal., México","plusCode":"       MJCP+8Q Guadalajara, Jalisco, México     ","website":"       suehiro.com.mx     ","phoneNumber":"       +52 33 3826 0094     ","jueves":"13:30–18:00","viernes":"13:30–18:00","sábado":"13:30–18:00","domingo":"13:30–18:00","lunes":"13:30–18:00","martes":"13:30–18:00","miércoles":"13:30–18:00","imgUrl":"https://lh5.googleusercontent.com/p/AF1QipP7UUvt5QGVYp5PayN8Z7fklN3shYvBrX-yUn33=w426-h240-k-no","isClaimed":true,"latitude":20.670812499999997,"longitude":-103.36306250000001,"query":"https://www.google.com/maps/search/restaurantes/@20.659638,-103.3894277,11z/data=!3m1!4b1!4m2!2m1!6e5","timestamp":"2020-06-04T14:32:22.683Z"},{"placeUrl":"https://www.google.com/maps/place/Restaurante+Aderezzo/@20.6595249,-103.3894282,11z/data=!4m9!1m3!2m2!1srestaurantes!6e5!3m4!1s0x8428ae05e875256d:0xbeaab358dce39dd3!8m2!3d20.6706797!4d-103.368799?hl=es","title":"Restaurante Aderezzo","rating":"4,6","reviewCount":776,"category":"Restaurante","attributes":"Es obligatorio hacer una reserva · Desayuno · Terraza","address":"Av Chapultepec Sur 350, Col Americana, Americana, 44160 Guadalajara, Jal., México","plusCode":"       MJCJ+7F Guadalajara, Jalisco, México     ","website":"       aderezzo.com     ","phoneNumber":"       +52 33 3630 5460     ","jueves":"1:00–23:00","viernes":"13:00–1:00","sábado":"13:00–1:00","domingo":"Cerrado","lunes":"1:00–23:00","martes":"1:00–23:00","miércoles":"1:00–23:00","imgUrl":"https://lh5.googleusercontent.com/p/AF1QipOUPCIUvs2M7392aGnY13phWRpR4VXJVixxGNiZ=w408-h271-k-no","isClaimed":true,"latitude":20.6706875,"longitude":-103.3688125,"query":"https://www.google.com/maps/search/restaurantes/@20.659638,-103.3894277,11z/data=!3m1!4b1!4m2!2m1!6e5","timestamp":"2020-06-04T14:32:28.528Z"},{"placeUrl":"https://www.google.com/maps/place/Fornino/@20.6595249,-103.3894282,11z/data=!4m9!1m3!2m2!1srestaurantes!6e5!3m4!1s0x8428abfa818a332b:0x28980f1cf32840f0!8m2!3d20.6657267!4d-103.4041249?hl=es","title":"Fornino","rating":"4,7","reviewCount":2675,"category":"Restaurante italiano","attributes":"Se sirve comida hasta tarde · Terraza · Acogedor","address":"Av Guadalupe 1269, Chapalita Oriente, 45040 Zapopan, Jal., México","plusCode":"       MH8W+79 Zapopan, Jalisco, México     ","website":"       m.facebook.com     ","phoneNumber":"       +52 33 3647 7777     ","jueves":"13:30–24:00","viernes":"13:30–24:00","sábado":"13:30–24:00","domingo":"13:30–24:00","lunes":"13:30–24:00","martes":"13:30–24:00","miércoles":"13:30–24:00","imgUrl":"https://lh5.googleusercontent.com/p/AF1QipP3MmoTEqQZQA1umreMdAnMQC0M0r1osuI4xqgj=w408-h347-k-no","isClaimed":true,"latitude":20.665687500000004,"longitude":-103.40406250000001,"query":"https://www.google.com/maps/search/restaurantes/@20.659638,-103.3894277,11z/data=!3m1!4b1!4m2!2m1!6e5","timestamp":"2020-06-04T14:32:31.848Z"},{"placeUrl":"https://www.google.com/maps/place/Coraz%C3%B3n+de+Alcachofa+Sao+Paulo/@20.6595249,-103.3894282,11z/data=!4m9!1m3!2m2!1srestaurantes!6e5!3m4!1s0x8428ae372604eb93:0x619db48bec4c54aa!8m2!3d20.7009669!4d-103.3769766?hl=es","title":"Corazón de Alcachofa Sao Paulo","rating":"4,6","reviewCount":254,"category":"Restaurante","attributes":"Buenos cócteles · Acogedor · Grupos","address":"São Paulo 2367, Providencia, 44630 Guadalajara, Jal., México","plusCode":"       PJ2F+96 Guadalajara, Jalisco, México     ","website":"       corazondealcachofa.com     ","phoneNumber":"       +52 33 3817 2517     ","jueves":"13:30–24:00","viernes":"13:30–24:00","sábado":"13:30–24:00","domingo":"13:30–19:00","lunes":"13:30–24:00","martes":"13:30–24:00","miércoles":"13:30–24:00","imgUrl":"","isClaimed":false,"latitude":20.700937499999995,"longitude":-103.37693750000001,"query":"https://www.google.com/maps/search/restaurantes/@20.659638,-103.3894277,11z/data=!3m1!4b1!4m2!2m1!6e5","timestamp":"2020-06-04T14:32:34.527Z"},{"placeUrl":"https://www.google.com/maps/place/Restaurant+Nuevo+Le%C3%B3n/@20.6595249,-103.3894282,11z/data=!4m9!1m3!2m2!1srestaurantes!6e5!3m4!1s0x8428ae023ed22775:0x56b9f42b6a89ea81!8m2!3d20.6717932!4d-103.3606504?hl=es","title":"Restaurant Nuevo León","rating":"4,5","reviewCount":575,"category":"Restaurante mexicano","attributes":"Acogedor · Informal · Ideal para niños","address":"Libertad 1586, Col Americana, Americana, 44160 Guadalajara, Jal., México","plusCode":"       MJCQ+PP Guadalajara, Jalisco, México     ","website":"","phoneNumber":"       +52 33 3825 7827     ","jueves":"11:00–23:00","viernes":"11:00–23:00","sábado":"11:00–23:00","domingo":"11:00–22:00","lunes":"11:00–23:00","martes":"11:00–23:00","miércoles":"11:00–23:00","imgUrl":"https://lh5.googleusercontent.com/p/AF1QipM6YJyDAlSPLSRNgywyWWtmhMPaFdWjnAmlPmWq=w408-h306-k-no","isClaimed":false,"latitude":20.6718125,"longitude":-103.36068750000001,"query":"https://www.google.com/maps/search/restaurantes/@20.659638,-103.3894277,11z/data=!3m1!4b1!4m2!2m1!6e5","timestamp":"2020-06-04T14:32:37.788Z"},{"placeUrl":"https://www.google.com/maps/place/Pomodoro+Ristorante/@20.6595249,-103.3894282,11z/data=!4m9!1m3!2m2!1srestaurantes!6e5!3m4!1s0x8428ae6de899d34f:0xcac2172299b5e200!8m2!3d20.6774488!4d-103.3857708?hl=es","title":"Pomodoro Ristorante","rating":"4,7","reviewCount":2256,"category":"Restaurante italiano","attributes":"Acogedor · Ideal para niños · Grupos","address":"Av Adolfo López Mateos Nte 145, Vallarta Nte., 44690 Guadalajara, Jal., México","plusCode":"       MJG7+XM Guadalajara, Jalisco, México     ","website":"       pomodoro.com.mx     ","phoneNumber":"       +52 33 3793 1112     ","jueves":"13:00–24:00","viernes":"13:00–24:00","sábado":"13:00–24:00","domingo":"13:00–20:00","lunes":"13:00–24:00","martes":"13:00–24:00","miércoles":"13:00–24:00","imgUrl":"","isClaimed":true,"latitude":20.67743750000001,"longitude":-103.3858125,"query":"https://www.google.com/maps/search/restaurantes/@20.659638,-103.3894277,11z/data=!3m1!4b1!4m2!2m1!6e5","timestamp":"2020-06-04T14:32:40.539Z"},{"placeUrl":"https://www.google.com/maps/place/La+Chata/@20.6595249,-103.3894282,11z/data=!4m9!1m3!2m2!1srestaurantes!6e5!3m4!1s0x8428b4f60dd12ee5:0x6cfb0da443088560!8m2!3d20.6746934!4d-103.3466531?hl=es","title":"La Chata","rating":"4,6","reviewCount":10610,"category":"Restaurante mexicano","attributes":"Acogedor · Informal · Ideal para niños","address":"Av Ramón Corona 126, Zona Centro, 44100 Guadalajara, Jal., México","plusCode":"       MMF3+V8 Guadalajara, Jalisco, México     ","website":"       lachata.com.mx     ","phoneNumber":"       +52 33 3613 0588     ","jueves":"7:00–24:00","viernes":"7:00–24:00","sábado":"7:00–24:00","domingo":"7:00–24:00","lunes":"7:00–24:00","martes":"7:00–24:00","miércoles":"7:00–24:00","imgUrl":"https://lh5.googleusercontent.com/p/AF1QipN2IY7JXaA1Nupa5oqD1GElwdSLKemCEELiJrqd=w408-h306-k-no","isClaimed":false,"latitude":20.674687500000005,"longitude":-103.3466875,"query":"https://www.google.com/maps/search/restaurantes/@20.659638,-103.3894277,11z/data=!3m1!4b1!4m2!2m1!6e5","timestamp":"2020-06-04T14:32:45.140Z"},{"placeUrl":"https://www.google.com/maps/place/Talento+Restaurante/@20.6595249,-103.3894282,11z/data=!4m9!1m3!2m2!1srestaurantes!6e5!3m4!1s0x8428af03aef49d27:0x46ce6d255f18f72a!8m2!3d20.7107356!4d-103.41307?hl=es","title":"Talento Restaurante","rating":"4,6","reviewCount":804,"category":"Restaurante","attributes":"Se sirve comida hasta tarde · Buenos cócteles · Acogedor","address":"Paseo Andares 4965, Puerta de Hierro, 45116 Zapopan, Jal., México","plusCode":"       PH6P+7Q Zapopan, Jalisco, México     ","website":"       talentorestaurante.com     ","phoneNumber":"       +52 33 3611 1975     ","jueves":"13:00–24:00","viernes":"13:00–24:00","sábado":"13:00–24:00","domingo":"13:00–19:00","lunes":"13:00–24:00","martes":"13:00–24:00","miércoles":"13:00–24:00","imgUrl":"https://lh5.googleusercontent.com/p/AF1QipMlfkL1M55YA0ta25AKcY2hMf9xqybQQUpBTE7P=w408-h306-k-no","isClaimed":true,"latitude":20.710687500000006,"longitude":-103.41306250000001,"query":"https://www.google.com/maps/search/restaurantes/@20.659638,-103.3894277,11z/data=!3m1!4b1!4m2!2m1!6e5","timestamp":"2020-06-04T14:32:47.907Z"},{"placeUrl":"https://www.google.com/maps/place/Mr.+Pampas/@20.6595249,-103.3894282,11z/data=!4m9!1m3!2m2!1srestaurantes!6e5!3m4!1s0x8428adcd3b64a58d:0x7d45f6e289150eda!8m2!3d20.647446!4d-103.403963?hl=es","title":"Mr. Pampas","rating":"4,6","reviewCount":8654,"category":"Restaurante brasileño","attributes":"Se sirve comida hasta tarde · Acogedor · Informal","address":"Av Mariano Otero 1985, Victoria, 45088 Zapopan, Jal., México","plusCode":"       JHWW+XC Zapopan, Jalisco, México     ","website":"       mrpampas.com     ","phoneNumber":"       +52 33 1852 7688     ","jueves":"12:00–24:00","viernes":"12:00–24:00","sábado":"12:00–24:00","domingo":"12:00–22:00","lunes":"12:00–24:00","martes":"12:00–24:00","miércoles":"12:00–24:00","imgUrl":"https://lh5.googleusercontent.com/p/AF1QipNAsnYRlIeR8Ui1OWbne6t67ucl8d9Vd1b2ROdK=w408-h272-k-no","isClaimed":false,"latitude":20.647437499999995,"longitude":-103.4039375,"query":"https://www.google.com/maps/search/restaurantes/@20.659638,-103.3894277,11z/data=!3m1!4b1!4m2!2m1!6e5","timestamp":"2020-06-04T14:32:51.399Z"},{"placeUrl":"https://www.google.com/maps/place/La+Artesanal/@20.6595249,-103.3894282,11z/data=!4m9!1m3!2m2!1srestaurantes!6e5!3m4!1s0x8428ae1184df4ae1:0x5d88f3d73bcd2f25!8m2!3d20.6890888!4d-103.3760452?hl=es","title":"La Artesanal","rating":"4,4","reviewCount":4228,"category":"Restaurante especializado en chuletas","attributes":"Acogedor · Informal · Ideal para niños","address":"Calle Jesús García 2347, Ladrón de Guevara, Ladron De Guevara, 44600 Guadalajara, Jal., México","plusCode":"       MJQF+JH Guadalajara, Jalisco, México     ","website":"       facebook.com     ","phoneNumber":"       +52 33 3615 6356     ","jueves":"14:00–23:00","viernes":"14:00–23:00","sábado":"14:00–23:00","domingo":"14:00–18:00","lunes":"14:00–23:00","martes":"14:00–23:00","miércoles":"14:00–23:00","imgUrl":"","isClaimed":true,"latitude":20.68906249999999,"longitude":-103.37606250000002,"query":"https://www.google.com/maps/search/restaurantes/@20.659638,-103.3894277,11z/data=!3m1!4b1!4m2!2m1!6e5","timestamp":"2020-06-04T14:32:54.392Z"},{"placeUrl":"https://www.google.com/maps/place/Pachuco+Restaurante/@20.6595249,-103.3894282,11z/data=!4m9!1m3!2m2!1srestaurantes!6e5!3m4!1s0x8428ae100126678f:0xc23f9d4079881991!8m2!3d20.6758864!4d-103.3704787?hl=es","title":"Pachuco Restaurante","rating":"4,6","reviewCount":755,"category":"Restaurante mexicano","attributes":"Acogedor · Informal · Grupos","address":"C. Morelos 1743, Ladrón de Guevara, Lafayette, 44600 Guadalajara, Jal., México","plusCode":"       MJGH+9R Guadalajara, Jalisco, México     ","website":"       facebook.com     ","phoneNumber":"       +52 33 2153 7071     ","jueves":"14:00–22:30","viernes":"14:00–22:30","sábado":"14:00–22:30","domingo":"13:00–18:00","lunes":"14:00–22:30","martes":"Cerrado","miércoles":"14:00–22:30","imgUrl":"https://lh5.googleusercontent.com/p/AF1QipPJApMI2GjTD3q4-qPqn7cytOzesiCFqxkQsKfw=w408-h306-k-no","isClaimed":true,"latitude":20.675937500000003,"longitude":-103.37043750000001,"query":"https://www.google.com/maps/search/restaurantes/@20.659638,-103.3894277,11z/data=!3m1!4b1!4m2!2m1!6e5","timestamp":"2020-06-04T14:32:56.855Z"},{"placeUrl":"https://www.google.com/maps/place/La+Trattoria+De+Guadalajara/@20.6595249,-103.3894282,11z/data=!4m9!1m3!2m2!1srestaurantes!6e5!3m4!1s0x8428ae76e73e9fd9:0x12420ac2dd51f031!8m2!3d20.6662666!4d-103.3908162?hl=es","title":"La Trattoria De Guadalajara","rating":"4,7","reviewCount":4776,"category":"Restaurante italiano","attributes":"Acogedor · Informal · Ideal para niños","address":"Av Niños Héroes 3051, Jardines del Bosque, 44520 Guadalajara, Jal., México","plusCode":"       MJ85+GM Guadalajara, Jalisco, México     ","website":"       latrattoria.com.mx     ","phoneNumber":"       +52 33 3122 4425     ","jueves":"13:00–24:00","viernes":"13:00–24:00","sábado":"13:00–24:00","domingo":"13:00–21:00","lunes":"13:00–24:00","martes":"13:00–24:00","miércoles":"13:00–24:00","imgUrl":"https://lh5.googleusercontent.com/p/AF1QipNzPgaXwkOokqIe68NcxSoTOP3EAlV-gyLB05sf=w408-h306-k-no","isClaimed":false,"latitude":20.666312500000004,"longitude":-103.39081250000001,"query":"https://www.google.com/maps/search/restaurantes/@20.659638,-103.3894277,11z/data=!3m1!4b1!4m2!2m1!6e5","timestamp":"2020-06-04T14:32:59.431Z"},{"placeUrl":"https://www.google.com/maps/place/Brick+SteakHouse/@20.6595249,-103.3894282,11z/data=!4m9!1m3!2m2!1srestaurantes!6e5!3m4!1s0x8428af50a4141421:0x2d8098c21b038b22!8m2!3d20.6976048!4d-103.3733841?hl=es","title":"Brick SteakHouse","rating":"4,7","reviewCount":278,"category":"Restaurante","attributes":"Acogedor · Informal · Ideal para niños","address":"Av. de las Américas 1254, Country Club, 44610 Guadalajara, Jal., México","plusCode":"       MJXG+2J Guadalajara, Jalisco, México     ","website":"       bricksteakhouse.com.mx     ","phoneNumber":"       +52 33 2471 7068     ","jueves":"13:00–20:00","viernes":"13:00–20:00","sábado":"13:00–20:00","domingo":"13:00–19:00","lunes":"13:00–20:00","martes":"13:00–20:00","miércoles":"13:00–20:00","imgUrl":"https://lh5.googleusercontent.com/p/AF1QipOTRwxiDGk69WZq6HmzqY3jUQmnjanjsJ5DR18H=w493-h240-k-no","isClaimed":true,"latitude":20.697562500000004,"longitude":-103.37343750000001,"query":"https://www.google.com/maps/search/restaurantes/@20.659638,-103.3894277,11z/data=!3m1!4b1!4m2!2m1!6e5","timestamp":"2020-06-04T14:33:03.035Z"},{"placeUrl":"https://www.google.com/maps/place/Restaurante+Casa+Luna/@20.6595249,-103.3894282,11z/data=!4m9!1m3!2m2!1srestaurantes!6e5!3m4!1s0x8428b3b37b860369:0xd5281b84908c06c7!8m2!3d20.6392441!4d-103.3140185?hl=es","title":"Restaurante Casa Luna","rating":"4,6","reviewCount":3763,"category":"Restaurante mexicano","attributes":"Se sirve comida hasta tarde · Terraza · Acogedor","address":"Calle Independencia 211, Centro, 45500 San Pedro Tlaquepaque, Jal., México","plusCode":"       JMQP+M9 San Pedro Tlaquepaque, Jalisco, México     ","website":"       facebook.com     ","phoneNumber":"       +52 33 1592 2061     ","jueves":"8:00–23:30","viernes":"8:00–1:00","sábado":"8:00–1:00","domingo":"8:00–23:30","lunes":"8:00–23:30","martes":"8:00–23:30","miércoles":"8:00–23:30","imgUrl":"","isClaimed":true,"latitude":20.63918749999999,"longitude":-103.3140625,"query":"https://www.google.com/maps/search/restaurantes/@20.659638,-103.3894277,11z/data=!3m1!4b1!4m2!2m1!6e5","timestamp":"2020-06-04T14:33:05.988Z"},{"placeUrl":"https://www.google.com/maps/place/Al+Malek/@20.6595249,-103.3894282,11z/data=!4m9!1m3!2m2!1srestaurantes!6e5!3m4!1s0x8428ae7195db214b:0xb9c4b1f788d9312!8m2!3d20.6730956!4d-103.3890526?hl=es","title":"Al Malek","rating":"4,7","reviewCount":811,"category":"Restaurante","attributes":"Se sirve comida hasta tarde · Acogedor · Informal","address":"Av. Adolfo López Mateos Sur 152, Vallarta, 44110 Guadalajara, Jal., México","plusCode":"       MJF6+69 Guadalajara, Jalisco, México     ","website":"       business.google.com     ","phoneNumber":"       +52 33 2261 5019     ","jueves":"13:00–1:00","viernes":"13:00–1:00","sábado":"13:00–1:00","domingo":"Cerrado","lunes":"13:00–1:00","martes":"13:00–1:00","miércoles":"13:00–1:00","imgUrl":"https://lh5.googleusercontent.com/p/AF1QipOw-Ii0l2kGCG7y_ll21rF9YXy5D47rQ5kWFA-W=w493-h240-k-no","isClaimed":false,"latitude":20.6730625,"longitude":-103.38906250000001,"query":"https://www.google.com/maps/search/restaurantes/@20.659638,-103.3894277,11z/data=!3m1!4b1!4m2!2m1!6e5","timestamp":"2020-06-04T14:33:08.148Z"},{"placeUrl":"https://www.google.com/maps/place/Restaurante+Asador+Santa+Anita/@20.6595249,-103.3894282,11z/data=!4m9!1m3!2m2!1srestaurantes!6e5!3m4!1s0x842f54bc4b99662b:0x406ca37293c42299!8m2!3d20.560777!4d-103.448671?hl=es","title":"Restaurante Asador Santa Anita","rating":"4,5","reviewCount":791,"category":"Restaurante","attributes":"Se sirve comida hasta tarde · Buenos cócteles · Acogedor","address":"Av. Camino Real a Colima 545, 45600 Santa Anita, Jal., México","plusCode":"       HH62+8G Santa Anita, Jalisco, México     ","website":"       facebook.com     ","phoneNumber":"       +52 33 3958 5772     ","jueves":"13:00–23:00","viernes":"13:00–24:00","sábado":"13:00–24:00","domingo":"13:00–23:00","lunes":"13:00–23:00","martes":"13:00–23:00","miércoles":"13:00–23:00","imgUrl":"","isClaimed":true,"latitude":20.560812499999997,"longitude":-103.4486875,"query":"https://www.google.com/maps/search/restaurantes/@20.659638,-103.3894277,11z/data=!3m1!4b1!4m2!2m1!6e5","timestamp":"2020-06-04T14:33:11.170Z"},{"placeUrl":"https://www.google.com/maps/place/Osteria+10/@20.6595249,-103.3894282,11z/data=!4m9!1m3!2m2!1srestaurantes!6e5!3m4!1s0x8428ae0565e2f1eb:0xd11aa98fefd85035!8m2!3d20.673839!4d-103.3696199?hl=es","title":"Osteria 10","rating":"4,7","reviewCount":948,"category":"Restaurante italiano","attributes":"Acogedor · Informal · Grupos","address":"Calle Manuel López Cotilla 1498-A, Col Americana, Americana, 44160 Guadalajara, Jal., México","plusCode":"       MJFJ+G5 Guadalajara, Jalisco, México     ","website":"       osteria10.com     ","phoneNumber":"       +52 33 3616 5358     ","jueves":"14:00–23:30","viernes":"14:00–23:30","sábado":"14:00–23:30","domingo":"14:00–18:00","lunes":"Cerrado","martes":"14:00–23:30","miércoles":"14:00–23:30","imgUrl":"https://lh5.googleusercontent.com/p/AF1QipOFYMfRYvCx3WKbnr0GhrY3tm045KYWtgOWb8RV=w408-h307-k-no","isClaimed":true,"latitude":20.673812499999997,"longitude":-103.3695625,"query":"https://www.google.com/maps/search/restaurantes/@20.659638,-103.3894277,11z/data=!3m1!4b1!4m2!2m1!6e5","timestamp":"2020-06-04T14:33:14.134Z"},{"placeUrl":"https://www.google.com/maps/place/Chulada+Restaurante./@20.6595249,-103.3894282,11z/data=!4m9!1m3!2m2!1srestaurantes!6e5!3m4!1s0x8428ae02d059dfdf:0x54775afa0a97fadb!8m2!3d20.6753407!4d-103.3698804?hl=es","title":"Chulada Restaurante.","rating":"4,6","reviewCount":285,"category":"Restaurante","attributes":"Desayuno · Terraza · Acogedor","address":"Calle Pedro Moreno #1567, Col Americana, Americana, 44160 Guadalajara, Jal., México","plusCode":"       MJGJ+42 Guadalajara, Jalisco, México     ","website":"       facebook.com     ","phoneNumber":"       +52 33 3825 6204     ","jueves":"13:00–23:00","viernes":"13:00–23:00","sábado":"9:00–23:00","domingo":"9:00–20:00","lunes":"9:00–22:00","martes":"13:00–22:00","miércoles":"13:00–22:00","imgUrl":"","isClaimed":true,"latitude":20.675312500000004,"longitude":-103.3699375,"query":"https://www.google.com/maps/search/restaurantes/@20.659638,-103.3894277,11z/data=!3m1!4b1!4m2!2m1!6e5","timestamp":"2020-06-04T14:33:16.966Z"},{"placeUrl":"https://www.google.com/maps/place/I+Latina/@20.6595249,-103.3894282,11z/data=!4m9!1m3!2m2!1srestaurantes!6e5!3m4!1s0x8428ae7074f57365:0xcf92794bbbb5931f!8m2!3d20.6719904!4d-103.3923189?hl=es","title":"I Latina","rating":"4,7","reviewCount":1269,"category":"Bar restaurante","attributes":"Se sirve comida hasta tarde · Acogedor · Informal","address":"Av Inglaterra 3128, Vallarta Poniente, 44110 Guadalajara, Jal., México","plusCode":"       MJC5+Q3 Guadalajara, Jalisco, México     ","website":"       i-latina.mx     ","phoneNumber":"       +52 33 3647 7774     ","jueves":"19:00–1:00","viernes":"19:00–1:00","sábado":"19:00–1:00","domingo":"13:30–18:00","lunes":"Cerrado","martes":"19:00–1:00","miércoles":"19:00–1:00","imgUrl":"https://lh5.googleusercontent.com/p/AF1QipPBsHS7vy9GWtG5D4YktpvDxkNlDAQ6VeLvFjTH=w426-h240-k-no","isClaimed":false,"latitude":20.6719375,"longitude":-103.39231250000002,"query":"https://www.google.com/maps/search/restaurantes/@20.659638,-103.3894277,11z/data=!3m1!4b1!4m2!2m1!6e5","timestamp":"2020-06-04T14:33:22.401Z"},{"placeUrl":"https://www.google.com/maps/place/El+Sacromonte/@20.6595249,-103.3894282,11z/data=!4m9!1m3!2m2!1srestaurantes!6e5!3m4!1s0x8428ae04b1fd7119:0x4f6325943477dafc!8m2!3d20.6757368!4d-103.3660848?hl=es","title":"El Sacromonte","rating":"4,6","reviewCount":1222,"category":"Restaurante mexicano","attributes":"","address":"Calle Pedro Moreno 1398, Col Americana, Americana, 44160 Guadalajara, Jal., México","plusCode":"       MJGM+7H Guadalajara, Jalisco, México     ","website":"       sacromonte.com.mx     ","phoneNumber":"       +52 33 3825 5447     ","jueves":"13:30–23:00","viernes":"13:30–23:00","sábado":"13:30–23:00","domingo":"13:30–18:00","lunes":"13:30–23:00","martes":"13:30–23:00","miércoles":"13:30–23:00","imgUrl":"","isClaimed":true,"latitude":20.67568750000001,"longitude":-103.36606250000001,"query":"https://www.google.com/maps/search/restaurantes/@20.659638,-103.3894277,11z/data=!3m1!4b1!4m2!2m1!6e5","timestamp":"2020-06-04T14:33:25.537Z"},{"placeUrl":"https://www.google.com/maps/place/Cava+Central/@20.6595249,-103.3894282,11z/data=!4m9!1m3!2m2!1srestaurantes!6e5!3m4!1s0x8428ae0e7dd0de99:0xc716b66201baad74!8m2!3d20.6723617!4d-103.3756741?hl=es","title":"Cava Central","rating":"4,8","reviewCount":221,"category":"Restaurante","attributes":"","address":"Av. de la Paz 2336, Col Americana, Lafayette, 44130 Guadalajara, Jal., México","plusCode":"       MJCF+WP Guadalajara, Jalisco, México     ","website":"       instagram.com     ","phoneNumber":"       +52 33 1592 9020     ","jueves":"13:00–22:00","viernes":"13:00–22:00","sábado":"13:00–22:00","domingo":"13:00–18:00","lunes":"13:00–22:00","martes":"13:00–22:00","miércoles":"13:00–22:00","imgUrl":"https://lh5.googleusercontent.com/p/AF1QipOjqW_Xxz9EoOrif1GG7-ZJhy7wrMyNpAxrJ3on=w493-h240-k-no","isClaimed":true,"latitude":20.672312500000004,"longitude":-103.37568750000001,"query":"https://www.google.com/maps/search/restaurantes/@20.659638,-103.3894277,11z/data=!3m1!4b1!4m2!2m1!6e5","timestamp":"2020-06-04T14:33:31.969Z"},{"placeUrl":"https://www.google.com/maps/place/Los+Arcos/@20.6595249,-103.3894282,11z/data=!4m9!1m3!2m2!1srestaurantes!6e5!3m4!1s0x8428af0fb26c526f:0x15d45962fef6f66e!8m2!3d20.7213327!4d-103.4141824?hl=es","title":"Los Arcos","rating":"4,7","reviewCount":1405,"category":"Bar restaurante","attributes":"Terraza · Acogedor · Informal","address":"Av. Acueducto 6050, Lomas del Bosque, 45118 Zapopan, Jal., México","plusCode":"       PHCP+G8 Zapopan, Jalisco, México     ","website":"       restaurantlosarcos.com     ","phoneNumber":"       +52 33 3611 1009     ","jueves":"11:00–20:00","viernes":"11:00–20:00","sábado":"11:00–20:00","domingo":"11:00–20:00","lunes":"11:00–20:00","martes":"11:00–20:00","miércoles":"11:00–20:00","imgUrl":"","isClaimed":false,"latitude":20.721312499999996,"longitude":-103.41418750000001,"query":"https://www.google.com/maps/search/restaurantes/@20.659638,-103.3894277,11z/data=!3m1!4b1!4m2!2m1!6e5","timestamp":"2020-06-04T14:33:41.051Z"},{"placeUrl":"https://www.google.com/maps/place/Boca+del+Cielo/@20.6595249,-103.3894282,11z/data=!4m9!1m3!2m2!1srestaurantes!6e5!3m4!1s0x8428ae1b2a14e37f:0xbbc0f537e39e6809!8m2!3d20.6761587!4d-103.3674155?hl=es","title":"Boca del Cielo","rating":"4,5","reviewCount":3374,"category":"Restaurante","attributes":"Buenos cócteles · Acogedor · Informal","address":"C. Morelos 1548, Ladrón de Guevara, Ladron De Guevara, 44600 Guadalajara, Jal., México","plusCode":"       MJGM+F2 Guadalajara, Jalisco, México     ","website":"       bocadelcielogdl.com     ","phoneNumber":"       +52 33 3825 8899     ","jueves":"12:00–18:30","viernes":"12:00–18:30","sábado":"12:00–18:30","domingo":"12:00–18:30","lunes":"Cerrado","martes":"12:00–18:30","miércoles":"12:00–18:30","imgUrl":"https://lh5.googleusercontent.com/p/AF1QipNAnSVCDl8-nIV6lRSW_6BG6Q0atpuL1PZrkOk=w408-h306-k-no","isClaimed":false,"latitude":20.67618750000001,"longitude":-103.36743750000001,"query":"https://www.google.com/maps/search/restaurantes/@20.659638,-103.3894277,11z/data=!3m1!4b1!4m2!2m1!6e5","timestamp":"2020-06-04T14:33:44.376Z"},{"placeUrl":"https://www.google.com/maps/place/El+Campestre+Restaurante-Bar/@20.6595249,-103.3894282,11z/data=!4m9!1m3!2m2!1srestaurantes!6e5!3m4!1s0x8428af4228391c35:0xdefa76e0d84ee718!8m2!3d20.6889064!4d-103.3716614?hl=es","title":"El Campestre Restaurante-Bar","rating":"4,8","reviewCount":64,"category":"Restaurante","attributes":"Acogedor · Informal · Ideal para niños","address":"Alfredo R. Plascencia 746, Ladrón de Guevara, Santa Teresita, 44656 Guadalajara, Jal., México","plusCode":"       MJQH+H8 Guadalajara, Jalisco, México     ","website":"","phoneNumber":"       +52 33 2599 3941     ","imgUrl":"https://lh5.googleusercontent.com/p/AF1QipNhZuPzNp-IcLeuCRydIFLqdHkRlbWHB2P-IQak=w426-h240-k-no","isClaimed":true,"latitude":20.688937499999994,"longitude":-103.37168750000001,"query":"https://www.google.com/maps/search/restaurantes/@20.659638,-103.3894277,11z/data=!3m1!4b1!4m2!2m1!6e5","timestamp":"2020-06-04T14:33:46.994Z"},{"placeUrl":"https://www.google.com/maps/place/Trattoria+da+Fabio,+Av+Providencia+2857,+Providencia,+44639+Guadalajara,+Jal.,+M%C3%A9xico/@20.6595249,-103.3894282,11z/data=!4m6!1m3!2m2!1srestaurantes!6e5!3m1!1s0x8428af5283e03f75:0x19a1a4cdc8818357?hl=es","title":"Trattoria da Fabio","rating":"4,8","reviewCount":180,"category":"Restaurante","attributes":"Bufé libre · Buenos cócteles · Acogedor","address":"Av Providencia 2857, Providencia, 44639 Guadalajara, Jal., México","plusCode":"       MJX8+R4 Guadalajara, Jalisco, México     ","website":"       dafabiotrattoria.com     ","phoneNumber":"       +52 33 2469 4064     ","jueves":"13:30–23:00","viernes":"13:30–24:00","sábado":"13:30–24:00","domingo":"13:30–19:00","lunes":"13:30–23:00","martes":"13:30–23:00","miércoles":"13:30–23:00","imgUrl":"","isClaimed":true,"latitude":20.6995625,"longitude":-103.38468750000001,"query":"https://www.google.com/maps/search/restaurantes/@20.659638,-103.3894277,11z/data=!3m1!4b1!4m2!2m1!6e5","timestamp":"2020-06-04T14:33:49.830Z"},{"placeUrl":"https://www.google.com/maps/place/El+Italiano/@20.6595249,-103.3894282,11z/data=!4m9!1m3!2m2!1srestaurantes!6e5!3m4!1s0x8428ae65e28f58bd:0x477341a81fa6f106!8m2!3d20.6806334!4d-103.3946668?hl=es","title":"El Italiano","rating":"4,6","reviewCount":2251,"category":"Restaurante italiano","attributes":"Terraza · Acogedor · Ideal para niños","address":"Diagonal Golfo de Cortés 4134, Monraz, 44670 Guadalajara, Jal., México","plusCode":"       MJJ4+74 Guadalajara, Jalisco, México     ","website":"       elitaliano.mx     ","phoneNumber":"       +52 33 3813 1587     ","jueves":"13:00–24:00","viernes":"13:00–1:00","sábado":"13:00–1:00","domingo":"13:00–24:00","lunes":"13:00–24:00","martes":"13:00–24:00","miércoles":"13:00–24:00","imgUrl":"","isClaimed":true,"latitude":20.680687500000005,"longitude":-103.39468750000002,"query":"https://www.google.com/maps/search/restaurantes/@20.659638,-103.3894277,11z/data=!3m1!4b1!4m2!2m1!6e5","timestamp":"2020-06-04T14:33:52.228Z"},{"placeUrl":"https://www.google.com/maps/place/Portobello/@20.6595249,-103.3894282,11z/data=!4m9!1m3!2m2!1srestaurantes!6e5!3m4!1s0x8428ae3e6746d0c3:0x14f55a3909ba917d!8m2!3d20.6888889!4d-103.3775?hl=es","title":"Portobello","rating":"4,6","reviewCount":298,"category":"Restaurante italiano","attributes":"Acogedor · Informal · Ideal para niños","address":"Av Adolfo López Mateos Nte 826, Ladrón de Guevara, Ladron De Guevara, 44600 Guadalajara, Jal., México","plusCode":"       MJQF+H2 Guadalajara, Jalisco, México     ","website":"","phoneNumber":"       +52 33 3854 5458     ","jueves":"13:00–22:00","viernes":"13:00–22:00","sábado":"13:00–22:00","domingo":"13:30–18:00","lunes":"Cerrado","martes":"13:00–22:00","miércoles":"13:00–22:00","imgUrl":"https://lh5.googleusercontent.com/p/AF1QipNpuXyNuodgI5-hAEpD4doPQ5sncmYa3kuJW2sq=w408-h544-k-no","isClaimed":false,"latitude":20.688937499999994,"longitude":-103.37743750000001,"query":"https://www.google.com/maps/search/restaurantes/@20.659638,-103.3894277,11z/data=!3m1!4b1!4m2!2m1!6e5","timestamp":"2020-06-04T14:33:55.651Z"},{"placeUrl":"https://www.google.com/maps/place/TOMATE+Taquer%C3%ADa/@20.6595249,-103.3894282,11z/data=!4m9!1m3!2m2!1srestaurantes!6e5!3m4!1s0x8428ae05dbc3919d:0x79bb3b6fda031653!8m2!3d20.6703382!4d-103.3682883?hl=es","title":"TOMATE Taquería","rating":"4,6","reviewCount":8256,"category":"Taquería","attributes":"Se sirve comida hasta tarde · Acogedor · Informal","address":"Av Chapultepec Sur 361, Col Americana, Americana, 45681 Guadalajara, Jal., México","plusCode":"       MJCJ+4M Guadalajara, Jalisco, México     ","website":"       tomatetaqueria.com     ","phoneNumber":"       +52 33 3825 3331     ","jueves":"14:00–24:00","viernes":"Abierto 24 horas","sábado":"14:00–2:30","domingo":"14:00–0:30","lunes":"14:00–0:30","martes":"14:00–0:30","miércoles":"14:00–0:30","imgUrl":"https://lh5.googleusercontent.com/p/AF1QipPf3DSr3Q67PUvktFbyw9XQS8tPk4D1hMw9PCEp=w426-h240-k-no","isClaimed":false,"latitude":20.670312499999994,"longitude":-103.3683125,"query":"https://www.google.com/maps/search/restaurantes/@20.659638,-103.3894277,11z/data=!3m1!4b1!4m2!2m1!6e5","timestamp":"2020-06-04T14:31:59.811Z"},{"placeUrl":"https://www.google.com/maps/place/Nativo+Taller+Gastron%C3%B3mico/@20.6595249,-103.3894282,11z/data=!4m9!1m3!2m2!1srestaurantes!6e5!3m4!1s0x8428ae372695e5a5:0xefb27b99de1b2658!8m2!3d20.701161!4d-103.376622?hl=es","title":"Nativo Taller Gastronómico","rating":"4,5","reviewCount":614,"category":"Restaurante","attributes":"Se sirve comida hasta tarde · Buenos cócteles · Acogedor","address":"São Paulo 2377, Providencia, 44630 Guadalajara, Jal., México","plusCode":"       PJ2F+F9 Guadalajara, Jalisco, México     ","website":"       facebook.com     ","phoneNumber":"       +52 33 3186 1477     ","jueves":"Cerrado","viernes":"14:00–3:00","sábado":"14:00–3:00","domingo":"14:00–22:00","lunes":"14:00–1:00","martes":"14:00–1:00","miércoles":"14:00–1:00","imgUrl":"","isClaimed":true,"latitude":20.701187500000003,"longitude":-103.37656250000002,"query":"https://www.google.com/maps/search/restaurantes/@20.659638,-103.3894277,11z/data=!3m1!4b1!4m2!2m1!6e5","timestamp":"2020-06-04T14:33:57.680Z"},{"placeUrl":"https://www.google.com/maps/place/BRUNA/@20.6595249,-103.3894282,11z/data=!4m9!1m3!2m2!1srestaurantes!6e5!3m4!1s0x8428ae0d624d2c5f:0x156e518cc38df9e2!8m2!3d20.670985!4d-103.3779618?hl=es","title":"BRUNA","rating":"4,6","reviewCount":1935,"category":"Restaurante mexicano","attributes":"Es obligatorio hacer una reserva · Happy hour de comida · Se sirve comida hasta tarde","address":"Calle Miguel Lerdo de Tejada 2418, Lafayette, 44150 Guadalajara, Jal., México","plusCode":"       MJCC+9R Guadalajara, Jalisco, México     ","website":"       bruna.com.mx     ","phoneNumber":"       +52 33 2003 0904     ","jueves":"12:00–22:00","viernes":"12:00–22:00","sábado":"12:00–22:00","domingo":"12:00–22:00","lunes":"12:00–22:00","martes":"12:00–22:00","miércoles":"12:00–22:00","imgUrl":"https://lh5.googleusercontent.com/p/AF1QipNKSwkVUhzYCNtuI6bxlpRTSNmFJ7hdUDUyjOEA=w408-h244-k-no","isClaimed":true,"latitude":20.670937499999994,"longitude":-103.37793750000002,"query":"https://www.google.com/maps/search/restaurantes/@20.659638,-103.3894277,11z/data=!3m1!4b1!4m2!2m1!6e5","timestamp":"2020-06-04T14:34:00.072Z"},{"placeUrl":"https://www.google.com/maps/place/Tortas+Ahogadas+Ramiro/@20.6595249,-103.3894282,11z/data=!4m9!1m3!2m2!1srestaurantes!6e5!3m4!1s0x8428b43817837661:0x74fb01fc121088ad!8m2!3d20.6525931!4d-103.2324782?hl=es","title":"Tortas Ahogadas Ramiro","rating":"4,5","reviewCount":116,"category":"Restaurante","attributes":"Solo se aceptan pagos en efectivo · Acogedor · Informal","address":"cerca de Av. Juárez #606, Rancho de La Cruz, 45410 Tonalá, Jal., México","plusCode":"       MQ39+22 Tonalá, Jalisco, México     ","website":"","phoneNumber":"       +52 33 1187 2273     ","jueves":"8:00–18:00","viernes":"8:00–18:00","sábado":"8:00–18:00","domingo":"8:00–18:00","lunes":"8:00–18:00","martes":"8:00–18:00","miércoles":"8:00–18:00","imgUrl":"https://lh5.googleusercontent.com/p/AF1QipOYZDp2UOFpFPB-UIIiNg8clFx4EdpJxzOs_1YT=w408-h306-k-no","isClaimed":false,"latitude":20.652562500000002,"longitude":-103.2324375,"query":"https://www.google.com/maps/search/restaurantes/@20.659638,-103.3894277,11z/data=!3m1!4b1!4m2!2m1!6e5","timestamp":"2020-06-04T14:34:04.421Z"}]